{
  "test/testsuite.qunit.js": 1731719847940,
  "test/integration/pages/ConversationsObjectPage.js": 1731719847940,
  "test/integration/pages/IncidentsList.js": 1731719847940,
  "test/integration/pages/IncidentsObjectPage.js": 1731719847940,
  "test/integration/opaTests.qunit.js": 1731719847940,
  "test/integration/FirstJourney.js": 1731719847940,
  "i18n/i18n.properties": 1731719847940,
  "xs-app.json": 1731719847940,
  "manifest.json": 1731719847940,
  "Component.js": 1731719847940,
  "test/integration/pages/IncidentsObjectPage-dbg.js": 1731719847940,
  "test/integration/pages/IncidentsObjectPage.js.map": 1732437245745,
  "test/integration/pages/IncidentsList-dbg.js": 1731719847940,
  "test/integration/pages/IncidentsList.js.map": 1732437245741,
  "test/integration/pages/ConversationsObjectPage-dbg.js": 1731719847940,
  "test/integration/pages/ConversationsObjectPage.js.map": 1732437245735,
  "test/integration/opaTests.qunit-dbg.js": 1731719847940,
  "test/integration/opaTests.qunit.js.map": 1732437245739,
  "test/integration/FirstJourney-dbg.js": 1731719847940,
  "test/integration/FirstJourney.js.map": 1732437245743,
  "test/testsuite.qunit-dbg.js": 1731719847940,
  "test/testsuite.qunit.js.map": 1732437245745,
  "Component-dbg.js": 1731719847940,
  "Component.js.map": 1732437245744,
  "Component-preload.js": 1732437245998,
  "Component-preload.js.map": 1732437245998,
  "test/integration/opaTests.qunit.html": 1731719847940,
  "test/testsuite.qunit.html": 1731719847940,
  "test/flpSandbox.html": 1731719847940,
  "index.html": 1731719847940
}